{
  "updated_at_utc": "2026-01-28T02:32:20Z",
  "source": "twelvedata",
  "AAPL": 258.26999,
  "MSFT": 480.57999,
  "NVDA": 188.52,
  "GOOGL": 334.54999,
  "AMZN": 244.67999,
  "TSLA": 430.89999,
  "META": 672.96997,
  "AMD": 252.029999
}
