{
  "updated_at_utc": "2026-01-29T21:42:51Z",
  "source": "twelvedata",
  "AAPL": 258.17499,
  "MSFT": 433.48001,
  "NVDA": 192.42999,
  "GOOGL": 338.079987,
  "AMZN": 241.67999,
  "TSLA": 416.44,
  "META": 738.58002,
  "AMD": 252.089996
}
