{
  "updated_at_utc": "2026-01-29T23:40:51Z",
  "source": "twelvedata",
  "AAPL": 258.28,
  "MSFT": 433.5,
  "NVDA": 192.50999,
  "GOOGL": 338.25,
  "AMZN": 241.73,
  "TSLA": 416.56,
  "META": 738.31,
  "AMD": 252.17999
}
