{
  "updated_at_utc": "2026-01-27T22:36:47Z",
  "source": "twelvedata",
  "AAPL": 258.26999,
  "MSFT": 480.59,
  "NVDA": 188.53999,
  "GOOGL": 334.60001,
  "AMZN": 244.67999,
  "TSLA": 430.91,
  "META": 672.96997,
  "AMD": 252.039993
}
