{
  "updated_at_utc": "2026-01-31T23:35:41Z",
  "source": "twelvedata",
  "AAPL": 259.48001,
  "MSFT": 430.29001,
  "NVDA": 191.13,
  "GOOGL": 338.0,
  "AMZN": 239.3,
  "TSLA": 430.41,
  "META": 716.5,
  "AMD": 236.73
}
