{
  "updated_at_utc": "2026-01-28T21:44:41Z",
  "source": "twelvedata",
  "AAPL": 256.44,
  "MSFT": 481.72,
  "NVDA": 191.53,
  "GOOGL": 336.14001,
  "AMZN": 243.020004,
  "TSLA": 431.23999,
  "META": 668.85999,
  "AMD": 252.74001
}
