{
  "updated_at_utc": "2026-01-27T12:40:18Z",
  "source": "twelvedata",
  "AAPL": 255.41,
  "MSFT": 470.28,
  "NVDA": 186.47,
  "GOOGL": 333.26001,
  "AMZN": 238.42,
  "TSLA": 435.20001,
  "META": 672.35999,
  "AMD": 251.31
}
