{
  "updated_at_utc": "2026-01-29T04:48:19Z",
  "source": "twelvedata",
  "AAPL": 256.44,
  "MSFT": 481.63,
  "NVDA": 191.52,
  "GOOGL": 336.01001,
  "AMZN": 243.0099945,
  "TSLA": 431.45999,
  "META": 668.72998,
  "AMD": 252.74001
}
